virt_addr;rip
0x7fffffffffefe10;0x0
0x7fffffffffefe08;0x0
0x7fffffffffefe00;0x0
0x7fffffffffefdf8;0x0
0x7fffffffffefdf0;0x0
0x7fffffffffefde8;0x0
0x7fffffffffef9f0;0x0
0x7fffffffffef9f8;0x0
0x7fffffffffeff20;0x0
0x7fffffffffeff30;0x0
0x7fffffffffeff34;0x0
0x7fffffffffeff38;0x0
0x7fffffffffeff3c;0x0
0x7fffffffffef9e0;0x0
0x7fffffffffef9e8;0x0
0x7fffffffffef9d8;0x0
0x7fffffffffef9d8;0x0
0x403c60;0x0
0x403cc0;0x0
0x403ce0;0x0
0x403d00;0x0
0x403d20;0x0
0x7fffffffffefe30;0x0
0x7fffffffffefe34;0x0
0x7fffffffffefe38;0x0
0x7fffffffffefe3c;0x0
0x403c76;0x0
0x403cee;0x0
0x403cbb;0x0
0x403c5e;0x0
0x403c62;0x0
0x403c82;0x0
0x403cfe;0x0
0x403ccb;0x0
0x403c41;0x0
0x403c6d;0x0
0x403d02;0x0
0x403d39;0x0
0x403cca;0x0
0x403ca1;0x0
0x403cf6;0x0
0x403d1e;0x0
0x7fffffffffef9e8;0x0
0x403c40;0x0
0x403c80;0x0
0x403cc0;0x0
0x403d00;0x0
0x7fffffffffefe40;0x0
0x7fffffffffefe44;0x0
0x7fffffffffefe48;0x0
0x7fffffffffefe4c;0x0
0x403d29;0x0
0x403cc5;0x0
0x403cf6;0x0
0x403cf9;0x0
0x403cbf;0x0
0x403ca3;0x0
0x403c54;0x0
0x403cec;0x0
0x403cc9;0x0
0x403c83;0x0
0x403cb0;0x0
0x403c56;0x0
0x403c6e;0x0
0x403c76;0x0
0x403ce2;0x0
0x403c4d;0x0
0x7fffffffffef9e8;0x0
0x403c40;0x0
0x403c80;0x0
0x403cc0;0x0
0x403d00;0x0
0x7fffffffffefe50;0x0
0x7fffffffffefe54;0x0
0x7fffffffffefe58;0x0
0x7fffffffffefe5c;0x0
0x403c4f;0x0
0x403c4b;0x0
0x403caa;0x0
0x403d30;0x0
0x403ce9;0x0
0x403d32;0x0
0x403cee;0x0
0x403c87;0x0
0x403c5a;0x0
0x403ce7;0x0
0x403cec;0x0
0x403cc2;0x0
0x403c54;0x0
0x403cda;0x0
0x403c8c;0x0
0x403d14;0x0
0x7fffffffffef9e8;0x0
0x403c40;0x0
0x403c80;0x0
0x403cc0;0x0
0x403d00;0x0
0x7fffffffffefe60;0x0
0x7fffffffffefe64;0x0
0x7fffffffffefe68;0x0
0x7fffffffffefe6c;0x0
0x403c72;0x0
0x403d0f;0x0
0x403c72;0x0
0x403d17;0x0
0x403cac;0x0
0x403c94;0x0
0x403c8c;0x0
0x403cc1;0x0
0x403c8f;0x0
0x403d0e;0x0
0x403cd3;0x0
0x403d2a;0x0
0x403cd6;0x0
0x403c47;0x0
0x403cdb;0x0
0x403d0b;0x0
0x7fffffffffef9e8;0x0
0x403c40;0x0
0x403c80;0x0
0x403cc0;0x0
0x403d00;0x0
0x7fffffffffefe70;0x0
0x7fffffffffefe74;0x0
0x7fffffffffefe78;0x0
0x7fffffffffefe7c;0x0
0x403cbf;0x0
0x403d0b;0x0
0x403cb1;0x0
0x403cdd;0x0
0x403c9c;0x0
0x403cf3;0x0
0x403c40;0x0
0x403ce9;0x0
0x403c54;0x0
0x403c57;0x0
0x403d2c;0x0
0x403c41;0x0
0x403c56;0x0
0x403cbc;0x0
0x403c85;0x0
0x403d14;0x0
0x7fffffffffef9e8;0x0
0x403c40;0x0
0x403c80;0x0
0x403cc0;0x0
0x403d00;0x0
0x7fffffffffefe80;0x0
0x7fffffffffefe84;0x0
0x7fffffffffefe88;0x0
0x7fffffffffefe8c;0x0
0x403c9b;0x0
0x403c53;0x0
0x403d1c;0x0
0x403cb7;0x0
0x403d21;0x0
0x403c7e;0x0
0x403d14;0x0
0x403c79;0x0
0x403ca3;0x0
0x403cc4;0x0
0x403c69;0x0
0x403c4d;0x0
0x403c86;0x0
0x403c4c;0x0
0x403d2c;0x0
0x403d0b;0x0
0x7fffffffffef9e8;0x0
0x403c40;0x0
0x403c80;0x0
0x403cc0;0x0
0x403d00;0x0
0x7fffffffffefe90;0x0
0x7fffffffffefe94;0x0
0x7fffffffffefe98;0x0
0x7fffffffffefe9c;0x0
0x403d18;0x0
0x403ca4;0x0
0x403c48;0x0
0x403ce5;0x0
0x403d3f;0x0
0x403cfd;0x0
0x403ced;0x0
0x403ce9;0x0
0x403d39;0x0
0x403ca0;0x0
0x403d2b;0x0
0x403cf3;0x0
0x403c7e;0x0
0x403ce3;0x0
0x403cdd;0x0
0x403cf9;0x0
0x7fffffffffef9e8;0x0
0x403c40;0x0
0x403c80;0x0
0x403cc0;0x0
0x403d00;0x0
0x7fffffffffefea0;0x0
0x7fffffffffefea4;0x0
0x7fffffffffefea8;0x0
0x7fffffffffefeac;0x0
0x403cb5;0x0
0x403c4e;0x0
0x403c45;0x0
0x403cd8;0x0
0x403cf4;0x0
0x403c8f;0x0
0x403cf7;0x0
0x403c52;0x0
0x403ca8;0x0
0x403c90;0x0
0x403c65;0x0
0x403cde;0x0
0x403c84;0x0
0x403cf0;0x0
0x403c5b;0x0
0x403d0f;0x0
0x7fffffffffef9e8;0x0
0x403c40;0x0
0x403c80;0x0
0x403cc0;0x0
0x403d00;0x0
0x7fffffffffefeb0;0x0
0x7fffffffffefeb4;0x0
0x7fffffffffefeb8;0x0
0x7fffffffffefebc;0x0
0x403c7a;0x0
0x403c95;0x0
0x403d05;0x0
0x403c95;0x0
0x403c45;0x0
0x403c46;0x0
0x403c82;0x0
0x403c45;0x0
0x403ce5;0x0
0x403cd4;0x0
0x403cf7;0x0
0x403ca0;0x0
0x403c9c;0x0
0x403d00;0x0
0x403c8d;0x0
0x403c92;0x0
0x7fffffffffef9e8;0x0
0x403c40;0x0
0x403c80;0x0
0x403cc0;0x0
0x403d00;0x0
0x7fffffffffefec0;0x0
0x7fffffffffefec4;0x0
0x7fffffffffefec8;0x0
0x7fffffffffefecc;0x0
0x403cab;0x0
0x403cd7;0x0
0x403ce9;0x0
0x403cc7;0x0
0x403cf4;0x0
0x403cac;0x0
0x403c75;0x0
0x403c7e;0x0
0x403c5d;0x0
0x403cb1;0x0
0x403c5b;0x0
0x403c62;0x0
0x403cbb;0x0
0x403c43;0x0
0x403c7a;0x0
0x403d28;0x0
0x7fffffffffef9e8;0x0
0x403c40;0x0
0x403c80;0x0
0x403cc0;0x0
0x403d00;0x0
0x7fffffffffefed0;0x0
0x7fffffffffefed4;0x0
0x7fffffffffefed8;0x0
0x7fffffffffefedc;0x0
0x403ce6;0x0
0x403c89;0x0
0x403c44;0x0
0x403d21;0x0
0x403cf4;0x0
0x403ca3;0x0
0x403ccf;0x0
0x403c5e;0x0
0x403cc6;0x0
0x403d14;0x0
0x403cf5;0x0
0x403ce4;0x0
0x403d08;0x0
0x403d2f;0x0
0x403ce0;0x0
0x403c75;0x0
0x7fffffffffef9e8;0x0
0x403c40;0x0
0x403c80;0x0
0x403cc0;0x0
0x403d00;0x0
0x7fffffffffefee0;0x0
0x7fffffffffefee4;0x0
0x7fffffffffefee8;0x0
0x7fffffffffefeec;0x0
0x403cab;0x0
0x403ce9;0x0
0x403c94;0x0
0x403c83;0x0
0x403cae;0x0
0x403c6b;0x0
0x403cbd;0x0
0x403d34;0x0
0x403c83;0x0
0x403cd2;0x0
0x403c6e;0x0
0x403c66;0x0
0x403c54;0x0
0x403c50;0x0
0x403cb9;0x0
0x403d30;0x0
0x7fffffffffef9e8;0x0
0x403c40;0x0
0x403c80;0x0
0x403cc0;0x0
0x403d00;0x0
0x7fffffffffefef0;0x0
0x7fffffffffefef4;0x0
0x7fffffffffefef8;0x0
0x7fffffffffefefc;0x0
0x403cab;0x0
0x403cd5;0x0
0x403cae;0x0
0x403c77;0x0
0x403c96;0x0
0x403ccb;0x0
0x403cd3;0x0
0x403d30;0x0
0x403c8d;0x0
0x403c79;0x0
0x403c62;0x0
0x403cf6;0x0
0x403c7e;0x0
0x403ca6;0x0
0x403c89;0x0
0x403ca1;0x0
0x7fffffffffef9e8;0x0
0x403c40;0x0
0x403c80;0x0
0x403cc0;0x0
0x403d00;0x0
0x7fffffffffeff00;0x0
0x7fffffffffeff04;0x0
0x7fffffffffeff08;0x0
0x7fffffffffeff0c;0x0
0x403c62;0x0
0x403c69;0x0
0x403c80;0x0
0x403c64;0x0
0x403cb5;0x0
0x403cd0;0x0
0x403d07;0x0
0x403c55;0x0
0x403ca4;0x0
0x403c86;0x0
0x403c70;0x0
0x403cc4;0x0
0x403d03;0x0
0x403d07;0x0
0x403c55;0x0
0x403d37;0x0
0x7fffffffffef9e8;0x0
0x7fffffffffeff10;0x0
0x7fffffffffeff14;0x0
0x7fffffffffeff18;0x0
0x7fffffffffeff1c;0x0
0x7fffffffffef9d8;0x0
0x7fffffffffef9f0;0x0
0x7fffffffffef9f8;0x0
0x7fffffffffeff60;0x0
0x7fffffffffeff64;0x0
0x7fffffffffeff68;0x0
0x7fffffffffeff6c;0x0
0x7fffffffffefde8;0x0
0x7fffffffffefdf0;0x0
0x7fffffffffefdf8;0x0
0x7fffffffffefe00;0x0
0x7fffffffffefe08;0x0
0x7fffffffffefe10;0x0
0x7fffffffffefe18;0x0
